<?xml version="1.0" encoding="UTF-8"?>

<beans xmlns="http://www.springframework.org/schema/beans"
       xmlns:xsi="http://www.w3.org/2001/XMLSchema-instance"
       xsi:schemaLocation="http://www.springframework.org/schema/beans
                           http://www.springframework.org/schema/beans/spring-beans.xsd">

	<bean class="com.example.firstSpring.Employee" name="emp1">
		
		<property name="id">
		<value>1</value>
		
		</property>
		
		<property name="Name">
		<value>Spyder</value>
		
		</property>
	
	</bean>

</beans>